{"mean":{"confidence_interval":{"confidence_level":0.95,"lower_bound":1.061052241599881,"upper_bound":1.1484036956914059},"point_estimate":1.1131837494180337,"standard_error":0.02296811050930823},"median":{"confidence_interval":{"confidence_level":0.95,"lower_bound":1.100775381486541,"upper_bound":1.1091365058607492},"point_estimate":1.1054360048475358,"standard_error":0.002155145377663627}}