{"mean":{"confidence_interval":{"confidence_level":0.95,"lower_bound":1.0817549001765754,"upper_bound":1.286673575207964},"point_estimate":1.1894632871794766,"standard_error":0.052194976246758305},"median":{"confidence_interval":{"confidence_level":0.95,"lower_bound":1.323118487766834,"upper_bound":1.3498960759148955},"point_estimate":1.3409113635897842,"standard_error":0.006313578099290741}}