{"mean":{"confidence_interval":{"confidence_level":0.95,"lower_bound":1.244715372850948,"upper_bound":1.4427258686342408},"point_estimate":1.3437974610135717,"standard_error":0.0506780190308222},"median":{"confidence_interval":{"confidence_level":0.95,"lower_bound":1.5505299449397263,"upper_bound":1.5672731931817498},"point_estimate":1.5621029101957844,"standard_error":0.00414301077301445}}