{"mean":{"confidence_interval":{"confidence_level":0.95,"lower_bound":2053.06189609299,"upper_bound":2139.395296991177},"point_estimate":2086.433580282497,"standard_error":23.181211291457682},"median":{"confidence_interval":{"confidence_level":0.95,"lower_bound":2035.694687558818,"upper_bound":2043.1540547099553},"point_estimate":2038.8059704367085,"standard_error":2.417150878223698},"median_abs_dev":{"confidence_interval":{"confidence_level":0.95,"lower_bound":10.500047504561156,"upper_bound":21.33289487677063},"point_estimate":14.761285089514688,"standard_error":2.8450751996338144},"slope":{"confidence_interval":{"confidence_level":0.95,"lower_bound":2049.1402100080227,"upper_bound":2110.1763714793547},"point_estimate":2071.7113421148365,"standard_error":16.313750603878713},"std_dev":{"confidence_interval":{"confidence_level":0.95,"lower_bound":51.514687637982405,"upper_bound":385.36719247223664},"point_estimate":232.89926289157046,"standard_error":107.00534153997154}}