{"mean":{"confidence_interval":{"confidence_level":0.95,"lower_bound":1.7780246481888717,"upper_bound":1.869567415045095},"point_estimate":1.8188451785000752,"standard_error":0.024765519762145426},"median":{"confidence_interval":{"confidence_level":0.95,"lower_bound":1.7588629713373107,"upper_bound":1.7734591064922829},"point_estimate":1.7659689081080927,"standard_error":0.003584973206930499}}