{"mean":{"confidence_interval":{"confidence_level":0.95,"lower_bound":0.028161210318066423,"upper_bound":0.05059352093895003},"point_estimate":0.04062111935188595,"standard_error":0.00574996344015081},"median":{"confidence_interval":{"confidence_level":0.95,"lower_bound":0.04278232791787384,"upper_bound":0.05354696303362427},"point_estimate":0.04845453611780637,"standard_error":0.002697132357612773}}