{"mean":{"confidence_interval":{"confidence_level":0.95,"lower_bound":136.8595462433516,"upper_bound":137.2456636436274},"point_estimate":137.05086331737664,"standard_error":0.09851579090449568},"median":{"confidence_interval":{"confidence_level":0.95,"lower_bound":136.80122335053488,"upper_bound":137.26897112196744},"point_estimate":136.99975501076796,"standard_error":0.12294419220370176},"median_abs_dev":{"confidence_interval":{"confidence_level":0.95,"lower_bound":0.77828437916031,"upper_bound":1.313138013273597},"point_estimate":1.0170443600022965,"standard_error":0.1296362311346501},"slope":{"confidence_interval":{"confidence_level":0.95,"lower_bound":136.4710997246467,"upper_bound":136.8597786335267},"point_estimate":136.6560137201084,"standard_error":0.09935972243681344},"std_dev":{"confidence_interval":{"confidence_level":0.95,"lower_bound":0.8664315578379939,"upper_bound":1.0979792777034214},"point_estimate":0.9900793799015184,"standard_error":0.059040692639614284}}