{"mean":{"confidence_interval":{"confidence_level":0.95,"lower_bound":-0.29273062225639035,"upper_bound":-0.12979252232938646},"point_estimate":-0.2100481634237381,"standard_error":0.042033209048209265},"median":{"confidence_interval":{"confidence_level":0.95,"lower_bound":-0.0321141877644896,"upper_bound":0.0008963478171598652},"point_estimate":-0.00899869019442645,"standard_error":0.009062978718982139}}