{"mean":{"confidence_interval":{"confidence_level":0.95,"lower_bound":2736.860098263714,"upper_bound":2784.118178369744},"point_estimate":2754.3131589433456,"standard_error":13.277392117445057},"median":{"confidence_interval":{"confidence_level":0.95,"lower_bound":2729.664123216052,"upper_bound":2745.0706948837515},"point_estimate":2738.3593951152707,"standard_error":3.258371354312382},"median_abs_dev":{"confidence_interval":{"confidence_level":0.95,"lower_bound":24.483940993301992,"upper_bound":38.34842479493693},"point_estimate":32.22070291461511,"standard_error":3.639618636229968},"slope":{"confidence_interval":{"confidence_level":0.95,"lower_bound":2742.455431866244,"upper_bound":2826.3909449504727},"point_estimate":2771.829487962836,"standard_error":23.84811353187273},"std_dev":{"confidence_interval":{"confidence_level":0.95,"lower_bound":26.581315884195185,"upper_bound":224.48948462176122},"point_estimate":133.01762761250606,"standard_error":68.99550945512267}}