{"mean":{"confidence_interval":{"confidence_level":0.95,"lower_bound":1.734980770893525,"upper_bound":1.7687028752736118},"point_estimate":1.75056433558996,"standard_error":0.008537633546330073},"median":{"confidence_interval":{"confidence_level":0.95,"lower_bound":1.7519831388500884,"upper_bound":1.7608398229916569},"point_estimate":1.7574364304020933,"standard_error":0.0021227954147257557}}