{"mean":{"confidence_interval":{"confidence_level":0.95,"lower_bound":1.5559810373472107,"upper_bound":1.6331354222987102},"point_estimate":1.588773089165811,"standard_error":0.02012370645042197},"median":{"confidence_interval":{"confidence_level":0.95,"lower_bound":1.5410504222581625,"upper_bound":1.5607205426604356},"point_estimate":1.5489779131814174,"standard_error":0.005361461326543525}}