{"mean":{"confidence_interval":{"confidence_level":0.95,"lower_bound":1.4754956143113347,"upper_bound":1.4812948645677684},"point_estimate":1.478459313238302,"standard_error":0.0014820305149321352},"median":{"confidence_interval":{"confidence_level":0.95,"lower_bound":1.479260172093432,"upper_bound":1.4836525735727903},"point_estimate":1.4817925436179347,"standard_error":0.001088601707762189}}