{"mean":{"confidence_interval":{"confidence_level":0.95,"lower_bound":2.0824647888793253,"upper_bound":2.6702555408485393},"point_estimate":2.339822040009517,"standard_error":0.1553631302448733},"median":{"confidence_interval":{"confidence_level":0.95,"lower_bound":1.877827198761111,"upper_bound":1.9193486951287828},"point_estimate":1.8949616719811964,"standard_error":0.009096693971616221}}