{"mean":{"confidence_interval":{"confidence_level":0.95,"lower_bound":1.6204787134274465,"upper_bound":1.6450267905831923},"point_estimate":1.6342037980477095,"standard_error":0.006342841019375095},"median":{"confidence_interval":{"confidence_level":0.95,"lower_bound":1.631647182263229,"upper_bound":1.654333585159963},"point_estimate":1.6397041412979667,"standard_error":0.006602472495771169}}