{"mean":{"confidence_interval":{"confidence_level":0.95,"lower_bound":440.60992248005834,"upper_bound":444.66516995592855},"point_estimate":442.16090068420965,"standard_error":1.0832479178900125},"median":{"confidence_interval":{"confidence_level":0.95,"lower_bound":439.6925154320988,"upper_bound":441.16216737942506},"point_estimate":440.1778847266182,"standard_error":0.34126141502606205},"median_abs_dev":{"confidence_interval":{"confidence_level":0.95,"lower_bound":1.5717821758886463,"upper_bound":2.710742220822245},"point_estimate":2.167532669332147,"standard_error":0.29812950492001744},"slope":{"confidence_interval":{"confidence_level":0.95,"lower_bound":441.246823441974,"upper_bound":449.02338345745045},"point_estimate":444.0895853639144,"standard_error":2.140460723621538},"std_dev":{"confidence_interval":{"confidence_level":0.95,"lower_bound":2.0086075594695774,"upper_bound":18.009655650791778},"point_estimate":10.83479461029974,"standard_error":5.0244597140063565}}