{"mean":{"confidence_interval":{"confidence_level":0.95,"lower_bound":-0.9199551799862686,"upper_bound":-0.9186427023696262},"point_estimate":-0.9192640939203091,"standard_error":0.0003351105103240993},"median":{"confidence_interval":{"confidence_level":0.95,"lower_bound":-0.9186976933532329,"upper_bound":-0.9182646233729425},"point_estimate":-0.9184660900640154,"standard_error":0.00010610185976647356}}