{"mean":{"confidence_interval":{"confidence_level":0.95,"lower_bound":1.462406962803296,"upper_bound":1.6272561721794916},"point_estimate":1.5412929985882955,"standard_error":0.04194660176439052},"median":{"confidence_interval":{"confidence_level":0.95,"lower_bound":1.3575930947544275,"upper_bound":1.4114105380352977},"point_estimate":1.3719574819540066,"standard_error":0.014046376985576465}}