{"mean":{"confidence_interval":{"confidence_level":0.95,"lower_bound":1.6741387675305044,"upper_bound":1.8968717074987824},"point_estimate":1.7728026814478146,"standard_error":0.058607292921495455},"median":{"confidence_interval":{"confidence_level":0.95,"lower_bound":1.716522019745673,"upper_bound":1.7258576001517043},"point_estimate":1.7215579134663255,"standard_error":0.002440851701280157}}