{"mean":{"confidence_interval":{"confidence_level":0.95,"lower_bound":533.1625899152252,"upper_bound":535.3129606932787},"point_estimate":534.0468106075263,"standard_error":0.5619171061489899},"median":{"confidence_interval":{"confidence_level":0.95,"lower_bound":532.5024240465417,"upper_bound":533.069104338568},"point_estimate":532.7242679179934,"standard_error":0.14002261844202776},"median_abs_dev":{"confidence_interval":{"confidence_level":0.95,"lower_bound":0.9381968546521328,"upper_bound":1.6176394124804045},"point_estimate":1.2654212352570475,"standard_error":0.16216296510644487},"slope":{"confidence_interval":{"confidence_level":0.95,"lower_bound":532.9476940191216,"upper_bound":534.3405101663241},"point_estimate":533.5939944396783,"standard_error":0.3573057587207089},"std_dev":{"confidence_interval":{"confidence_level":0.95,"lower_bound":1.901266055956202,"upper_bound":9.021239611502063},"point_estimate":5.635722678050171,"standard_error":2.1698512122285916}}