{"mean":{"confidence_interval":{"confidence_level":0.95,"lower_bound":0.7409404678880505,"upper_bound":1.0004592431873351},"point_estimate":0.880807054372938,"standard_error":0.06715235417482252},"median":{"confidence_interval":{"confidence_level":0.95,"lower_bound":1.0226820535490262,"upper_bound":1.0507774551511946},"point_estimate":1.04721023505869,"standard_error":0.006717604278393565}}