{"mean":{"confidence_interval":{"confidence_level":0.95,"lower_bound":0.89131516791157,"upper_bound":1.0044306149599291},"point_estimate":0.9568749517876645,"standard_error":0.02972621814978377},"median":{"confidence_interval":{"confidence_level":0.95,"lower_bound":0.9995340692596937,"upper_bound":1.006632818137986},"point_estimate":1.0031398973458625,"standard_error":0.0018392686191418723}}