{"mean":{"confidence_interval":{"confidence_level":0.95,"lower_bound":1.7010102161515517,"upper_bound":1.8240122231571139},"point_estimate":1.75546021996152,"standard_error":0.031991998497160265},"median":{"confidence_interval":{"confidence_level":0.95,"lower_bound":1.6408417757265634,"upper_bound":1.6633623779017368},"point_estimate":1.6514952655362176,"standard_error":0.005597749618759306}}