{"mean":{"confidence_interval":{"confidence_level":0.95,"lower_bound":2080.7121997745357,"upper_bound":2089.0133511874374},"point_estimate":2084.7357111368237,"standard_error":2.113272682858389},"median":{"confidence_interval":{"confidence_level":0.95,"lower_bound":2079.048529411765,"upper_bound":2086.1699856078794},"point_estimate":2083.4417407616406,"standard_error":1.7105529760227693},"median_abs_dev":{"confidence_interval":{"confidence_level":0.95,"lower_bound":14.518570323442974,"upper_bound":26.738179194419864},"point_estimate":21.28949678471461,"standard_error":3.073320551832573},"slope":{"confidence_interval":{"confidence_level":0.95,"lower_bound":2075.724074470851,"upper_bound":2082.940556288026},"point_estimate":2079.3623990000906,"standard_error":1.839440658922956},"std_dev":{"confidence_interval":{"confidence_level":0.95,"lower_bound":16.806417438397812,"upper_bound":26.071243208549742},"point_estimate":21.236140943895606,"standard_error":2.4281924684669525}}