{"mean":{"confidence_interval":{"confidence_level":0.95,"lower_bound":1.1594721087301498,"upper_bound":1.1709199625334907},"point_estimate":1.1655667743346823,"standard_error":0.002923323821677439},"median":{"confidence_interval":{"confidence_level":0.95,"lower_bound":1.1681925046235182,"upper_bound":1.1743850650873089},"point_estimate":1.1715969657988645,"standard_error":0.0015022830672204695}}