{"mean":{"confidence_interval":{"confidence_level":0.95,"lower_bound":364.3418345755199,"upper_bound":373.0176781646459},"point_estimate":368.3390866737091,"standard_error":2.2229138436591755},"median":{"confidence_interval":{"confidence_level":0.95,"lower_bound":359.84308729447304,"upper_bound":361.07132887414576},"point_estimate":360.45692124325785,"standard_error":0.2601529786272453},"median_abs_dev":{"confidence_interval":{"confidence_level":0.95,"lower_bound":2.0545302218313575,"upper_bound":4.266764370987335},"point_estimate":2.8012017905629714,"standard_error":0.5944299356065493},"slope":{"confidence_interval":{"confidence_level":0.95,"lower_bound":367.4942392123988,"upper_bound":383.6198311558418},"point_estimate":374.9742480686603,"standard_error":4.140888158815281},"std_dev":{"confidence_interval":{"confidence_level":0.95,"lower_bound":13.706283942019363,"upper_bound":29.111397394218848},"point_estimate":22.247790723142746,"standard_error":3.9330620890878034}}