{"mean":{"confidence_interval":{"confidence_level":0.95,"lower_bound":666.6479738610267,"upper_bound":938.4968181477079},"point_estimate":786.4593100140975,"standard_error":69.78104846944315},"median":{"confidence_interval":{"confidence_level":0.95,"lower_bound":562.2644273127753,"upper_bound":648.3376252483372},"point_estimate":603.0829454390853,"standard_error":19.427398213969127},"median_abs_dev":{"confidence_interval":{"confidence_level":0.95,"lower_bound":226.48046281367363,"upper_bound":386.29577231050007},"point_estimate":306.08990794328935,"standard_error":37.72755558163113},"slope":{"confidence_interval":{"confidence_level":0.95,"lower_bound":507.97687715836395,"upper_bound":710.9507069012672},"point_estimate":598.6109984968515,"standard_error":52.04192499478645},"std_dev":{"confidence_interval":{"confidence_level":0.95,"lower_bound":372.95847698512824,"upper_bound":1040.5355486004216},"point_estimate":701.9983882315192,"standard_error":196.36515608528114}}