{"mean":{"confidence_interval":{"confidence_level":0.95,"lower_bound":1.6105530669296062,"upper_bound":1.6388830257019003},"point_estimate":1.6268212849345658,"standard_error":0.007344996969017053},"median":{"confidence_interval":{"confidence_level":0.95,"lower_bound":1.6384344969288422,"upper_bound":1.6491541792810498},"point_estimate":1.6432748107812514,"standard_error":0.0026303588504348052}}