{"mean":{"confidence_interval":{"confidence_level":0.95,"lower_bound":1.3482605607915372,"upper_bound":1.386954547841591},"point_estimate":1.3664404120069653,"standard_error":0.01009738698700568},"median":{"confidence_interval":{"confidence_level":0.95,"lower_bound":1.3315269643949104,"upper_bound":1.3644387633971027},"point_estimate":1.3466966435152266,"standard_error":0.0091724575966966}}