{"mean":{"confidence_interval":{"confidence_level":0.95,"lower_bound":1.2537095600970318,"upper_bound":1.40383494958677},"point_estimate":1.323210442148968,"standard_error":0.03768155079570973},"median":{"confidence_interval":{"confidence_level":0.95,"lower_bound":1.273720856059704,"upper_bound":1.2953103160469053},"point_estimate":1.2829400116205,"standard_error":0.005709393258386489}}