{"mean":{"confidence_interval":{"confidence_level":0.95,"lower_bound":1188.7871490744137,"upper_bound":1192.0897718626297},"point_estimate":1190.4653746421934,"standard_error":0.844035387954545},"median":{"confidence_interval":{"confidence_level":0.95,"lower_bound":1189.8789156626506,"upper_bound":1193.764009526478},"point_estimate":1191.5239019715225,"standard_error":1.0377111339810263},"median_abs_dev":{"confidence_interval":{"confidence_level":0.95,"lower_bound":5.8519346945320745,"upper_bound":9.560817083975735},"point_estimate":7.343571070574038,"standard_error":0.9042951911090694},"slope":{"confidence_interval":{"confidence_level":0.95,"lower_bound":1187.444194184879,"upper_bound":1191.6770761683078},"point_estimate":1189.6119713029746,"standard_error":1.0812383119225646},"std_dev":{"confidence_interval":{"confidence_level":0.95,"lower_bound":7.155825928988586,"upper_bound":9.617267507376614},"point_estimate":8.476314655323087,"standard_error":0.6269457825508611}}