{"mean":{"confidence_interval":{"confidence_level":0.95,"lower_bound":5385.925053374659,"upper_bound":5537.460987904496},"point_estimate":5441.041669818297,"standard_error":43.2923656115955},"median":{"confidence_interval":{"confidence_level":0.95,"lower_bound":5375.991235230935,"upper_bound":5383.984818429051},"point_estimate":5379.350089038386,"standard_error":1.958337708725908},"median_abs_dev":{"confidence_interval":{"confidence_level":0.95,"lower_bound":15.918495674673835,"upper_bound":27.94670548470736},"point_estimate":23.101556745883606,"standard_error":2.9817513327580896},"slope":{"confidence_interval":{"confidence_level":0.95,"lower_bound":5379.492549939009,"upper_bound":5790.830355625244},"point_estimate":5531.080464860985,"standard_error":114.6551079866638},"std_dev":{"confidence_interval":{"confidence_level":0.95,"lower_bound":41.11436574735052,"upper_bound":735.8332381319161},"point_estimate":434.4734835457112,"standard_error":231.26477385788766}}