{"mean":{"confidence_interval":{"confidence_level":0.95,"lower_bound":1.806159109968579,"upper_bound":1.848997376762431},"point_estimate":1.8283403578441955,"standard_error":0.010924632896267002},"median":{"confidence_interval":{"confidence_level":0.95,"lower_bound":1.8476025860384957,"upper_bound":1.8569336378088508},"point_estimate":1.8517422319496508,"standard_error":0.002165191140496759}}