{"mean":{"confidence_interval":{"confidence_level":0.95,"lower_bound":652.2074008572055,"upper_bound":652.9323547470176},"point_estimate":652.5658977551246,"standard_error":0.18451834269802941},"median":{"confidence_interval":{"confidence_level":0.95,"lower_bound":652.1878076115239,"upper_bound":652.9912469266837},"point_estimate":652.6082391777517,"standard_error":0.22171147953078468},"median_abs_dev":{"confidence_interval":{"confidence_level":0.95,"lower_bound":1.3007629173209994,"upper_bound":2.2599266960390128},"point_estimate":1.800909029514459,"standard_error":0.24052416149561562},"slope":{"confidence_interval":{"confidence_level":0.95,"lower_bound":651.8938191850596,"upper_bound":652.5704694257738},"point_estimate":652.2365732941093,"standard_error":0.1731125475223416},"std_dev":{"confidence_interval":{"confidence_level":0.95,"lower_bound":1.6049073126864497,"upper_bound":2.074324132465819},"point_estimate":1.8522084669780008,"standard_error":0.11993477437004067}}