{"mean":{"confidence_interval":{"confidence_level":0.95,"lower_bound":1.7253975188957964,"upper_bound":1.7478079678432168},"point_estimate":1.7369782190050849,"standard_error":0.005712737293683374},"median":{"confidence_interval":{"confidence_level":0.95,"lower_bound":1.7359540308227883,"upper_bound":1.7612231742440838},"point_estimate":1.7467900374532253,"standard_error":0.0059071930447370585}}