{"mean":{"confidence_interval":{"confidence_level":0.95,"lower_bound":1.607525285372564,"upper_bound":1.6774625831891343},"point_estimate":1.6446665661483766,"standard_error":0.01788099244679286},"median":{"confidence_interval":{"confidence_level":0.95,"lower_bound":1.693076548065303,"upper_bound":1.7266316695064823},"point_estimate":1.7184683394346845,"standard_error":0.008232816948199153}}