{"mean":{"confidence_interval":{"confidence_level":0.95,"lower_bound":1922.0585572595805,"upper_bound":1931.6993718835347},"point_estimate":1926.8634279464736,"standard_error":2.4590196533139386},"median":{"confidence_interval":{"confidence_level":0.95,"lower_bound":1920.1092628136776,"upper_bound":1933.1590567941334},"point_estimate":1927.1719365592485,"standard_error":3.2144113093829927},"median_abs_dev":{"confidence_interval":{"confidence_level":0.95,"lower_bound":20.179267536149197,"upper_bound":37.22079219877414},"point_estimate":28.316867199669215,"standard_error":4.419202421880155},"slope":{"confidence_interval":{"confidence_level":0.95,"lower_bound":1911.8876262942917,"upper_bound":1924.5977315199505},"point_estimate":1917.7923547803257,"standard_error":3.2466610208397224},"std_dev":{"confidence_interval":{"confidence_level":0.95,"lower_bound":21.960525979756213,"upper_bound":27.063124171152726},"point_estimate":24.701269248708225,"standard_error":1.2999832259180477}}