{"mean":{"confidence_interval":{"confidence_level":0.95,"lower_bound":448.21102883091027,"upper_bound":451.63553919252394},"point_estimate":449.56148179986997,"standard_error":0.9038629415298746},"median":{"confidence_interval":{"confidence_level":0.95,"lower_bound":447.54709567198177,"upper_bound":448.4622470856224},"point_estimate":447.96465895824406,"standard_error":0.2307025544276675},"median_abs_dev":{"confidence_interval":{"confidence_level":0.95,"lower_bound":1.2455029960788768,"upper_bound":2.3493556758304583},"point_estimate":1.711862122101546,"standard_error":0.28503887617978935},"slope":{"confidence_interval":{"confidence_level":0.95,"lower_bound":448.08717893419936,"upper_bound":457.1167843457487},"point_estimate":451.57607271116393,"standard_error":2.4538773612409335},"std_dev":{"confidence_interval":{"confidence_level":0.95,"lower_bound":2.1493273835731155,"upper_bound":14.85768559862704},"point_estimate":9.05795707986949,"standard_error":3.909055723971573}}