{"mean":{"confidence_interval":{"confidence_level":0.95,"lower_bound":1.6165144304949801,"upper_bound":1.6649110529431006},"point_estimate":1.6428495881174365,"standard_error":0.012211449763135939},"median":{"confidence_interval":{"confidence_level":0.95,"lower_bound":1.6367580662975119,"upper_bound":1.6486525493820174},"point_estimate":1.6433193371232524,"standard_error":0.0029263624679477926}}