{"mean":{"confidence_interval":{"confidence_level":0.95,"lower_bound":1.3598735624966003,"upper_bound":1.5828159740235321},"point_estimate":1.4770607536621778,"standard_error":0.05709794159899619},"median":{"confidence_interval":{"confidence_level":0.95,"lower_bound":1.649991818612044,"upper_bound":1.665163979023169},"point_estimate":1.655201234850475,"standard_error":0.003949998452328336}}