{"mean":{"confidence_interval":{"confidence_level":0.95,"lower_bound":1.12234345696675,"upper_bound":1.14333621842163},"point_estimate":1.1338985686711474,"standard_error":0.005392918853028782},"median":{"confidence_interval":{"confidence_level":0.95,"lower_bound":1.143006694472573,"upper_bound":1.1504213534002226},"point_estimate":1.1459415550186822,"standard_error":0.0018674915871740813}}