{"mean":{"confidence_interval":{"confidence_level":0.95,"lower_bound":1.270771670343312,"upper_bound":1.4360962064648388},"point_estimate":1.349913898597948,"standard_error":0.04174339509916428},"median":{"confidence_interval":{"confidence_level":0.95,"lower_bound":1.3305857419811304,"upper_bound":1.3795138719798326},"point_estimate":1.3507826448199172,"standard_error":0.013070338557843815}}