{"mean":{"confidence_interval":{"confidence_level":0.95,"lower_bound":2645.510999227346,"upper_bound":2649.3188307072783},"point_estimate":2647.369855833194,"standard_error":0.9736040709854448},"median":{"confidence_interval":{"confidence_level":0.95,"lower_bound":2644.6676555616477,"upper_bound":2647.5275459978907},"point_estimate":2645.8079812739397,"standard_error":0.8251108248284426},"median_abs_dev":{"confidence_interval":{"confidence_level":0.95,"lower_bound":4.915979894346331,"upper_bound":8.77857733263869},"point_estimate":6.828407691085386,"standard_error":0.9571838428494419},"slope":{"confidence_interval":{"confidence_level":0.95,"lower_bound":2647.0224744581433,"upper_bound":2652.1604110244566},"point_estimate":2649.6291557451195,"standard_error":1.3135689820891663},"std_dev":{"confidence_interval":{"confidence_level":0.95,"lower_bound":7.7908246099437575,"upper_bound":11.747124094202462},"point_estimate":9.758016841134582,"standard_error":1.0202634490776092}}