{"mean":{"confidence_interval":{"confidence_level":0.95,"lower_bound":-0.607574036698511,"upper_bound":-0.605857752903584},"point_estimate":-0.6067290601299405,"standard_error":0.00043764985041041247},"median":{"confidence_interval":{"confidence_level":0.95,"lower_bound":-0.6086109784961471,"upper_bound":-0.6069129881641495},"point_estimate":-0.6079432463342411,"standard_error":0.00044003460417341}}