{"mean":{"confidence_interval":{"confidence_level":0.95,"lower_bound":1378.8573765951967,"upper_bound":1382.4912142102996},"point_estimate":1380.5427105450042,"standard_error":0.9285330860995903},"median":{"confidence_interval":{"confidence_level":0.95,"lower_bound":1377.6645415604903,"upper_bound":1380.0689823609227},"point_estimate":1378.644381528782,"standard_error":0.6266648930766451},"median_abs_dev":{"confidence_interval":{"confidence_level":0.95,"lower_bound":3.846751837359413,"upper_bound":7.267137866158312},"point_estimate":5.130507864788115,"standard_error":0.8206264254465964},"slope":{"confidence_interval":{"confidence_level":0.95,"lower_bound":1376.430124632903,"upper_bound":1379.6305896774843},"point_estimate":1377.9073204113906,"standard_error":0.8195101563908561},"std_dev":{"confidence_interval":{"confidence_level":0.95,"lower_bound":6.0876165009333025,"upper_bound":12.85179885174778},"point_estimate":9.319806639374974,"standard_error":1.8563460363459627}}