{"mean":{"confidence_interval":{"confidence_level":0.95,"lower_bound":1.6864601802293278,"upper_bound":1.718149601027898},"point_estimate":1.7010551023566838,"standard_error":0.008009875230667199},"median":{"confidence_interval":{"confidence_level":0.95,"lower_bound":1.688355589515521,"upper_bound":1.7007422672526427},"point_estimate":1.6954579284641311,"standard_error":0.003249475628094362}}