{"mean":{"confidence_interval":{"confidence_level":0.95,"lower_bound":4015.947421205089,"upper_bound":4023.9020540830516},"point_estimate":4019.819331077353,"standard_error":2.02626059505689},"median":{"confidence_interval":{"confidence_level":0.95,"lower_bound":4011.4671478347436,"upper_bound":4018.920408163265},"point_estimate":4016.611593477397,"standard_error":2.204895470069502},"median_abs_dev":{"confidence_interval":{"confidence_level":0.95,"lower_bound":11.22676137211382,"upper_bound":21.384673401613394},"point_estimate":17.47475868355148,"standard_error":2.9007854826019983},"slope":{"confidence_interval":{"confidence_level":0.95,"lower_bound":4014.637401729307,"upper_bound":4023.3722532386605},"point_estimate":4018.7469992731835,"standard_error":2.2312527315455406},"std_dev":{"confidence_interval":{"confidence_level":0.95,"lower_bound":16.444496819470686,"upper_bound":24.046676329606555},"point_estimate":20.442114450691065,"standard_error":1.9422452364019411}}