{"mean":{"confidence_interval":{"confidence_level":0.95,"lower_bound":1.4937965180070867,"upper_bound":1.6243588898881427},"point_estimate":1.5665729379621887,"standard_error":0.03360415308539208},"median":{"confidence_interval":{"confidence_level":0.95,"lower_bound":1.6438714554348013,"upper_bound":1.6696738160891944},"point_estimate":1.655546152824054,"standard_error":0.006894644985486882}}