{"mean":{"confidence_interval":{"confidence_level":0.95,"lower_bound":2.1314220621292734,"upper_bound":2.622724914629664},"point_estimate":2.3315483999085043,"standard_error":0.12338785094580142},"median":{"confidence_interval":{"confidence_level":0.95,"lower_bound":1.7829138546316745,"upper_bound":1.8966794158056195},"point_estimate":1.8133950050287808,"standard_error":0.027684492337424104}}