{"mean":{"confidence_interval":{"confidence_level":0.95,"lower_bound":1.8920522005319773,"upper_bound":2.059338828200515},"point_estimate":1.9740964110365309,"standard_error":0.045717932372370644},"median":{"confidence_interval":{"confidence_level":0.95,"lower_bound":1.8000715249608676,"upper_bound":1.8203274044783146},"point_estimate":1.811153128352378,"standard_error":0.004982715687562204}}