{"mean":{"confidence_interval":{"confidence_level":0.95,"lower_bound":1.6615287667195553,"upper_bound":1.6714051104292036},"point_estimate":1.6664527668519038,"standard_error":0.002518737274881385},"median":{"confidence_interval":{"confidence_level":0.95,"lower_bound":1.6568997194716455,"upper_bound":1.673322614063454},"point_estimate":1.6676445800590298,"standard_error":0.004303303259686859}}