{"mean":{"confidence_interval":{"confidence_level":0.95,"lower_bound":1.9669041410544155,"upper_bound":2.295455535723703},"point_estimate":2.141905175757769,"standard_error":0.08427400596861702},"median":{"confidence_interval":{"confidence_level":0.95,"lower_bound":2.1556984705099724,"upper_bound":2.208167049257028},"point_estimate":2.18404757995474,"standard_error":0.012112253822901986}}