{"mean":{"confidence_interval":{"confidence_level":0.95,"lower_bound":1.245291943527745,"upper_bound":1.4290801315449821},"point_estimate":1.321735977500945,"standard_error":0.048293119684017144},"median":{"confidence_interval":{"confidence_level":0.95,"lower_bound":1.1871433721154232,"upper_bound":1.1987207000316316},"point_estimate":1.1922369622821969,"standard_error":0.003109455340754989}}