{"mean":{"confidence_interval":{"confidence_level":0.95,"lower_bound":1687.0749872136705,"upper_bound":1726.0223106537917},"point_estimate":1704.7557894536499,"standard_error":9.989402806241703},"median":{"confidence_interval":{"confidence_level":0.95,"lower_bound":1668.0506974248926,"upper_bound":1681.428862660944},"point_estimate":1673.5150336867075,"standard_error":3.4362125116969757},"median_abs_dev":{"confidence_interval":{"confidence_level":0.95,"lower_bound":15.247704411823591,"upper_bound":28.071580945045035},"point_estimate":19.81450519260871,"standard_error":3.3013784834621624},"slope":{"confidence_interval":{"confidence_level":0.95,"lower_bound":1671.521440437508,"upper_bound":1699.1793891167715},"point_estimate":1683.1728351612946,"standard_error":7.1450752597640825},"std_dev":{"confidence_interval":{"confidence_level":0.95,"lower_bound":54.86504782057866,"upper_bound":139.4287537794869},"point_estimate":100.23605862591873,"standard_error":21.824701755689773}}