{"mean":{"confidence_interval":{"confidence_level":0.95,"lower_bound":1.844901691231967,"upper_bound":1.957010270255659},"point_estimate":1.903013415626099,"standard_error":0.028258688624100397},"median":{"confidence_interval":{"confidence_level":0.95,"lower_bound":1.8930183365139008,"upper_bound":1.9174777841884683},"point_estimate":1.9086444310409938,"standard_error":0.0065117857058233156}}