{"mean":{"confidence_interval":{"confidence_level":0.95,"lower_bound":1.575262153034767,"upper_bound":1.6341352631494652},"point_estimate":1.600919139936991,"standard_error":0.01471908369257644},"median":{"confidence_interval":{"confidence_level":0.95,"lower_bound":1.551992015401738,"upper_bound":1.5671044761394644},"point_estimate":1.5577427229905156,"standard_error":0.003958890993810147}}