{"mean":{"confidence_interval":{"confidence_level":0.95,"lower_bound":1.8104967801678906,"upper_bound":1.9336336902311972},"point_estimate":1.8675132608201785,"standard_error":0.03078976742687571},"median":{"confidence_interval":{"confidence_level":0.95,"lower_bound":1.8504464905515565,"upper_bound":1.8700448871553337},"point_estimate":1.862222487211496,"standard_error":0.004982708909462399}}