{"mean":{"confidence_interval":{"confidence_level":0.95,"lower_bound":2.2332127078738453,"upper_bound":3.6203789236841657},"point_estimate":2.8206048481714783,"standard_error":0.3753621735603598},"median":{"confidence_interval":{"confidence_level":0.95,"lower_bound":1.8457455875793949,"upper_bound":2.032576468695573},"point_estimate":1.8985862178975306,"standard_error":0.051835408063117615}}