{"mean":{"confidence_interval":{"confidence_level":0.95,"lower_bound":1.4371666718874183,"upper_bound":1.5724287343041863},"point_estimate":1.495486462434894,"standard_error":0.036276467660584344},"median":{"confidence_interval":{"confidence_level":0.95,"lower_bound":1.419883789319119,"upper_bound":1.4292889271935643},"point_estimate":1.425596245329268,"standard_error":0.0025246179545016733}}