{"mean":{"confidence_interval":{"confidence_level":0.95,"lower_bound":-0.05811388479703088,"upper_bound":-0.024395255753117167},"point_estimate":-0.0403981773749954,"standard_error":0.008633768031338347},"median":{"confidence_interval":{"confidence_level":0.95,"lower_bound":-0.014579717629689237,"upper_bound":-0.006915216403245994},"point_estimate":-0.010947029783105355,"standard_error":0.00196743861410891}}