{"mean":{"confidence_interval":{"confidence_level":0.95,"lower_bound":1.6729007527126358,"upper_bound":1.697393124886671},"point_estimate":1.6844116963025186,"standard_error":0.0063399821306295125},"median":{"confidence_interval":{"confidence_level":0.95,"lower_bound":1.6766810827446266,"upper_bound":1.6835949250049695},"point_estimate":1.6810025661645538,"standard_error":0.0018433592702558268}}