{"mean":{"confidence_interval":{"confidence_level":0.95,"lower_bound":1.3433493985322587,"upper_bound":1.6684273014463182},"point_estimate":1.5289997709862155,"standard_error":0.08616115387023782},"median":{"confidence_interval":{"confidence_level":0.95,"lower_bound":1.6518004977846692,"upper_bound":1.6730754566017878},"point_estimate":1.6598421687245555,"standard_error":0.0055439395578039926}}