{"mean":{"confidence_interval":{"confidence_level":0.95,"lower_bound":-0.7321130682185837,"upper_bound":-0.731387745087216},"point_estimate":-0.7317525847471286,"standard_error":0.00018710286711023572},"median":{"confidence_interval":{"confidence_level":0.95,"lower_bound":-0.7321542967626855,"upper_bound":-0.7313601089240963},"point_estimate":-0.7317976650580422,"standard_error":0.00019399801871050116}}