{"mean":{"confidence_interval":{"confidence_level":0.95,"lower_bound":1866.4514244227614,"upper_bound":1956.7200205404952},"point_estimate":1902.847774300668,"standard_error":23.748771982951407},"median":{"confidence_interval":{"confidence_level":0.95,"lower_bound":1858.279723483943,"upper_bound":1861.0208533975388},"point_estimate":1859.516443905902,"standard_error":0.6970157452527802},"median_abs_dev":{"confidence_interval":{"confidence_level":0.95,"lower_bound":5.091637758222403,"upper_bound":9.324536510690965},"point_estimate":7.077595788545594,"standard_error":1.115530352798003},"slope":{"confidence_interval":{"confidence_level":0.95,"lower_bound":1863.3589674720229,"upper_bound":1932.3751912144792},"point_estimate":1888.5209856878694,"standard_error":18.534162033479486},"std_dev":{"confidence_interval":{"confidence_level":0.95,"lower_bound":32.579574685186174,"upper_bound":386.728418419337},"point_estimate":238.42623421726887,"standard_error":98.23144980231007}}