{"mean":{"confidence_interval":{"confidence_level":0.95,"lower_bound":-0.6899064164122628,"upper_bound":-0.6883717886817519},"point_estimate":-0.6891102727204133,"standard_error":0.0003921626640307281},"median":{"confidence_interval":{"confidence_level":0.95,"lower_bound":-0.6895802175574922,"upper_bound":-0.6884492671500786},"point_estimate":-0.6891181868371806,"standard_error":0.0003072845506507072}}