{"mean":{"confidence_interval":{"confidence_level":0.95,"lower_bound":-0.8847144973049716,"upper_bound":-0.8825902156468101},"point_estimate":-0.8835339737669838,"standard_error":0.0005425103593249364},"median":{"confidence_interval":{"confidence_level":0.95,"lower_bound":-0.8834530565630452,"upper_bound":-0.8822057549934686},"point_estimate":-0.8828336956575042,"standard_error":0.00030143705725018993}}