{"mean":{"confidence_interval":{"confidence_level":0.95,"lower_bound":1.7158765878879076,"upper_bound":1.7533027247254083},"point_estimate":1.7288415444194314,"standard_error":0.00967077910941008},"median":{"confidence_interval":{"confidence_level":0.95,"lower_bound":1.713716365569867,"upper_bound":1.7214023367948097},"point_estimate":1.717381906711402,"standard_error":0.0019432009917238603}}