{"mean":{"confidence_interval":{"confidence_level":0.95,"lower_bound":1.3254999935338523,"upper_bound":1.5035156335389872},"point_estimate":1.4116833488486304,"standard_error":0.04510669023523016},"median":{"confidence_interval":{"confidence_level":0.95,"lower_bound":1.4562057698093218,"upper_bound":1.4668324127835541},"point_estimate":1.4618664882342252,"standard_error":0.0027761104682005253}}