{"mean":{"confidence_interval":{"confidence_level":0.95,"lower_bound":1.740072436899273,"upper_bound":1.8026405199601954},"point_estimate":1.7737984830334241,"standard_error":0.016049024855287204},"median":{"confidence_interval":{"confidence_level":0.95,"lower_bound":1.8075443421507655,"upper_bound":1.8274705473884338},"point_estimate":1.8167804442147069,"standard_error":0.004810373388711113}}