{"mean":{"confidence_interval":{"confidence_level":0.95,"lower_bound":1.4553360848230428,"upper_bound":1.5385269427414248},"point_estimate":1.4833078134909914,"standard_error":0.02207808302692915},"median":{"confidence_interval":{"confidence_level":0.95,"lower_bound":1.461498086514009,"upper_bound":1.4716874769935488},"point_estimate":1.4669606243749413,"standard_error":0.0027819314750565922}}