{"mean":{"confidence_interval":{"confidence_level":0.95,"lower_bound":2.2397515289455794,"upper_bound":2.256865039579489},"point_estimate":2.2485715534247914,"standard_error":0.004351347101766154},"median":{"confidence_interval":{"confidence_level":0.95,"lower_bound":2.2374792772174414,"upper_bound":2.265384151982314},"point_estimate":2.2545432501711304,"standard_error":0.007727636284598173}}