{"mean":{"confidence_interval":{"confidence_level":0.95,"lower_bound":1.906518138836791,"upper_bound":1.917139226857875},"point_estimate":1.91187659735483,"standard_error":0.0027028012716377747},"median":{"confidence_interval":{"confidence_level":0.95,"lower_bound":1.9044421903304678,"upper_bound":1.922357342908629},"point_estimate":1.9160965895247606,"standard_error":0.004477346260343227}}