{"mean":{"confidence_interval":{"confidence_level":0.95,"lower_bound":1.471924243454504,"upper_bound":1.715624860140315},"point_estimate":1.615350956365341,"standard_error":0.0644509888275995},"median":{"confidence_interval":{"confidence_level":0.95,"lower_bound":1.6426158374290238,"upper_bound":1.6669663328310609},"point_estimate":1.6550748958065444,"standard_error":0.006374810902402367}}