{"mean":{"confidence_interval":{"confidence_level":0.95,"lower_bound":583.7656060631332,"upper_bound":634.6053221719083},"point_estimate":608.0346623534948,"standard_error":12.975026090401538},"median":{"confidence_interval":{"confidence_level":0.95,"lower_bound":528.344310643751,"upper_bound":572.6990049751244},"point_estimate":530.286561088237,"standard_error":13.830798446709585},"median_abs_dev":{"confidence_interval":{"confidence_level":0.95,"lower_bound":5.190340292193929,"upper_bound":68.51649674575731},"point_estimate":9.856100048350397,"standard_error":19.607236492985205},"slope":{"confidence_interval":{"confidence_level":0.95,"lower_bound":544.8279226059384,"upper_bound":566.3602695377996},"point_estimate":555.19267924821,"standard_error":5.503397283791545},"std_dev":{"confidence_interval":{"confidence_level":0.95,"lower_bound":98.86049920765173,"upper_bound":157.3549173003384},"point_estimate":130.56338737382725,"standard_error":14.993518002982636}}