{"mean":{"confidence_interval":{"confidence_level":0.95,"lower_bound":-0.5407515203408307,"upper_bound":-0.53306387575553},"point_estimate":-0.5368512091704014,"standard_error":0.0019466546299437633},"median":{"confidence_interval":{"confidence_level":0.95,"lower_bound":-0.5402438341089599,"upper_bound":-0.5360492526363558},"point_estimate":-0.5373045165266668,"standard_error":0.0010229918891341747}}