{"mean":{"confidence_interval":{"confidence_level":0.95,"lower_bound":-0.9093292887098957,"upper_bound":-0.8789557721290315},"point_estimate":-0.8955414033199016,"standard_error":0.007760810227886882},"median":{"confidence_interval":{"confidence_level":0.95,"lower_bound":-0.8617640280458244,"upper_bound":-0.8280204775317741},"point_estimate":-0.8470074121101475,"standard_error":0.009597855389787078}}