{"mean":{"confidence_interval":{"confidence_level":0.95,"lower_bound":1.7052211810785505,"upper_bound":1.717950958233072},"point_estimate":1.7116106789896457,"standard_error":0.003243422225752098},"median":{"confidence_interval":{"confidence_level":0.95,"lower_bound":1.7142140869098652,"upper_bound":1.7221183511547342},"point_estimate":1.7184641459426766,"standard_error":0.0019218835586071656}}