{"mean":{"confidence_interval":{"confidence_level":0.95,"lower_bound":309.2258601428246,"upper_bound":318.82169487673036},"point_estimate":313.24345911139113,"standard_error":2.4892863900702427},"median":{"confidence_interval":{"confidence_level":0.95,"lower_bound":308.2167478774455,"upper_bound":310.321146179402},"point_estimate":309.0180124730431,"standard_error":0.5510441319476795},"median_abs_dev":{"confidence_interval":{"confidence_level":0.95,"lower_bound":3.0763140702247993,"upper_bound":5.241146883695234},"point_estimate":3.969939271750272,"standard_error":0.5522823859142318},"slope":{"confidence_interval":{"confidence_level":0.95,"lower_bound":310.16821765280366,"upper_bound":326.6793105654534},"point_estimate":317.138281640382,"standard_error":4.2812841158869555},"std_dev":{"confidence_interval":{"confidence_level":0.95,"lower_bound":6.590183908090275,"upper_bound":39.503366903890786},"point_estimate":24.932557401197045,"standard_error":8.826195602139798}}