{"mean":{"confidence_interval":{"confidence_level":0.95,"lower_bound":459.5332946615628,"upper_bound":473.72222417433517},"point_estimate":465.92110315474883,"standard_error":3.6545931184552516},"median":{"confidence_interval":{"confidence_level":0.95,"lower_bound":455.45667264657993,"upper_bound":456.4390477700035},"point_estimate":456.02583400078674,"standard_error":0.2660779848850265},"median_abs_dev":{"confidence_interval":{"confidence_level":0.95,"lower_bound":1.359551402040141,"upper_bound":2.6725327945248836},"point_estimate":1.9733759240185051,"standard_error":0.3430937224052119},"slope":{"confidence_interval":{"confidence_level":0.95,"lower_bound":465.71067402547794,"upper_bound":498.4932696016906},"point_estimate":481.20164397290114,"standard_error":8.432713079723726},"std_dev":{"confidence_interval":{"confidence_level":0.95,"lower_bound":18.723771372788363,"upper_bound":50.75109810072406},"point_estimate":36.88383121995135,"standard_error":8.204803529506838}}