{"mean":{"confidence_interval":{"confidence_level":0.95,"lower_bound":-0.9996125389294669,"upper_bound":-0.9994965761607749},"point_estimate":-0.9995580085878351,"standard_error":0.000029567984668471976},"median":{"confidence_interval":{"confidence_level":0.95,"lower_bound":-0.9995539466485559,"upper_bound":-0.9993974103372966},"point_estimate":-0.9994578740636014,"standard_error":0.00003318728388084392}}