{"mean":{"confidence_interval":{"confidence_level":0.95,"lower_bound":1.9782164554186294,"upper_bound":2.2556591027636683},"point_estimate":2.1119619251245147,"standard_error":0.07293474374274896},"median":{"confidence_interval":{"confidence_level":0.95,"lower_bound":1.7035930681087361,"upper_bound":1.862467889505623},"point_estimate":1.7259544083948533,"standard_error":0.05026301308290292}}