{"mean":{"confidence_interval":{"confidence_level":0.95,"lower_bound":0.31073511999798736,"upper_bound":0.7312529977904868},"point_estimate":0.504013101155858,"standard_error":0.10733781100536816},"median":{"confidence_interval":{"confidence_level":0.95,"lower_bound":0.6138376848376927,"upper_bound":1.8585960020518488},"point_estimate":1.3995207089334354,"standard_error":0.39338469021526296}}