{"mean":{"confidence_interval":{"confidence_level":0.95,"lower_bound":1.2078891951432362,"upper_bound":1.2472695711114363},"point_estimate":1.229881755950312,"standard_error":0.01015391247090446},"median":{"confidence_interval":{"confidence_level":0.95,"lower_bound":1.246954585502904,"upper_bound":1.2562440000816952},"point_estimate":1.2532240986003949,"standard_error":0.0024185041878127755}}