{"mean":{"confidence_interval":{"confidence_level":0.95,"lower_bound":1.260013967693877,"upper_bound":1.4195565166971074},"point_estimate":1.3488284563022201,"standard_error":0.04116122529048099},"median":{"confidence_interval":{"confidence_level":0.95,"lower_bound":1.4599429832440585,"upper_bound":1.4777361967588498},"point_estimate":1.4705313594662162,"standard_error":0.0047051956270492265}}