{"mean":{"confidence_interval":{"confidence_level":0.95,"lower_bound":1.0873559858810067,"upper_bound":1.209945494047009},"point_estimate":1.1416319733423501,"standard_error":0.030920213759906764},"median":{"confidence_interval":{"confidence_level":0.95,"lower_bound":1.0087802291808563,"upper_bound":1.0407921759200076},"point_estimate":1.0199174408066316,"standard_error":0.008233100816957753}}