{"mean":{"confidence_interval":{"confidence_level":0.95,"lower_bound":2.2252686918595055,"upper_bound":2.625395154358208},"point_estimate":2.3725667942088684,"standard_error":0.08818969128848025},"median":{"confidence_interval":{"confidence_level":0.95,"lower_bound":2.109823242377344,"upper_bound":2.1314627503990877},"point_estimate":2.1232251877344988,"standard_error":0.006031048377713801}}