{"mean":{"confidence_interval":{"confidence_level":0.95,"lower_bound":5273.00748694819,"upper_bound":6249.890004275458},"point_estimate":5693.5809584511235,"standard_error":252.26794894733098},"median":{"confidence_interval":{"confidence_level":0.95,"lower_bound":4833.473773265651,"upper_bound":4884.273970671179},"point_estimate":4844.761880007339,"standard_error":10.484721471907514},"median_abs_dev":{"confidence_interval":{"confidence_level":0.95,"lower_bound":26.589757809687466,"upper_bound":96.80100063191306},"point_estimate":45.23506518870768,"standard_error":15.496241259476013},"slope":{"confidence_interval":{"confidence_level":0.95,"lower_bound":4955.375835682393,"upper_bound":5255.25258746855},"point_estimate":5083.170108041489,"standard_error":77.1145971636152},"std_dev":{"confidence_interval":{"confidence_level":0.95,"lower_bound":1027.93813394948,"upper_bound":3902.108355311791},"point_estimate":2539.232441537664,"standard_error":795.2107171601049}}