{"mean":{"confidence_interval":{"confidence_level":0.95,"lower_bound":1.3895521852764425,"upper_bound":1.4090808876556489},"point_estimate":1.4009872089060837,"standard_error":0.00508087705468106},"median":{"confidence_interval":{"confidence_level":0.95,"lower_bound":1.4058260448110609,"upper_bound":1.414803884507422},"point_estimate":1.411138249932267,"standard_error":0.0022941196669123143}}