{"mean":{"confidence_interval":{"confidence_level":0.95,"lower_bound":1.1448229657891886,"upper_bound":1.396894182972496},"point_estimate":1.2717749464630423,"standard_error":0.06410845075350677},"median":{"confidence_interval":{"confidence_level":0.95,"lower_bound":1.3094752165006551,"upper_bound":1.3292789644195775},"point_estimate":1.3200247774956333,"standard_error":0.004733556558847493}}