{"mean":{"confidence_interval":{"confidence_level":0.95,"lower_bound":1.665727895357482,"upper_bound":2.127792825569419},"point_estimate":1.8893614432256114,"standard_error":0.11628556725245695},"median":{"confidence_interval":{"confidence_level":0.95,"lower_bound":1.4120246988945961,"upper_bound":1.6874925318373988},"point_estimate":1.4996598427405265,"standard_error":0.08310967403915194}}