{"mean":{"confidence_interval":{"confidence_level":0.95,"lower_bound":1.4631144397996783,"upper_bound":2.070498301247141},"point_estimate":1.8102491436067147,"standard_error":0.1630846123806639},"median":{"confidence_interval":{"confidence_level":0.95,"lower_bound":1.8643590366235103,"upper_bound":1.921428235546983},"point_estimate":1.880427718186279,"standard_error":0.016543158275588003}}