{"mean":{"confidence_interval":{"confidence_level":0.95,"lower_bound":1.4114537476707254,"upper_bound":1.5120768970695342},"point_estimate":1.4568410396099356,"standard_error":0.025680326096966234},"median":{"confidence_interval":{"confidence_level":0.95,"lower_bound":1.4460581015874072,"upper_bound":1.462196998916606},"point_estimate":1.4543398639094045,"standard_error":0.003996217854696261}}