{"mean":{"confidence_interval":{"confidence_level":0.95,"lower_bound":1564.7247375600255,"upper_bound":1639.133735172187},"point_estimate":1598.2320868323377,"standard_error":19.113599177605938},"median":{"confidence_interval":{"confidence_level":0.95,"lower_bound":1537.7874201787995,"upper_bound":1541.7082988695893},"point_estimate":1539.5609866898599,"standard_error":0.9645294675685291},"median_abs_dev":{"confidence_interval":{"confidence_level":0.95,"lower_bound":5.663798996787627,"upper_bound":14.86014009433918},"point_estimate":10.864594222658928,"standard_error":2.3986365978997273},"slope":{"confidence_interval":{"confidence_level":0.95,"lower_bound":1586.3119400653854,"upper_bound":1708.9103735178162},"point_estimate":1642.6496753218894,"standard_error":31.42062911892423},"std_dev":{"confidence_interval":{"confidence_level":0.95,"lower_bound":93.69714260781492,"upper_bound":265.25809805504576},"point_estimate":191.23713216428015,"standard_error":43.31031808424583}}