{"mean":{"confidence_interval":{"confidence_level":0.95,"lower_bound":-0.46332035605628613,"upper_bound":-0.45654473681650365},"point_estimate":-0.4602409124470279,"standard_error":0.0017068416415250767},"median":{"confidence_interval":{"confidence_level":0.95,"lower_bound":-0.46358662013440133,"upper_bound":-0.45980159557988987},"point_estimate":-0.4614548500337021,"standard_error":0.0010495475237451326}}