{"mean":{"confidence_interval":{"confidence_level":0.95,"lower_bound":1.3993088601882342,"upper_bound":1.5568464304288834},"point_estimate":1.4819909310680126,"standard_error":0.040382946534226076},"median":{"confidence_interval":{"confidence_level":0.95,"lower_bound":1.628622553937113,"upper_bound":1.6400850143664232},"point_estimate":1.633333577139637,"standard_error":0.002778423375715619}}