{"mean":{"confidence_interval":{"confidence_level":0.95,"lower_bound":1.7061546560267358,"upper_bound":1.7843247080071418},"point_estimate":1.7481510693009925,"standard_error":0.019935711383285874},"median":{"confidence_interval":{"confidence_level":0.95,"lower_bound":1.7860321576850544,"upper_bound":1.8134357055325192},"point_estimate":1.8032267760854035,"standard_error":0.007287568637513069}}