{"mean":{"confidence_interval":{"confidence_level":0.95,"lower_bound":2828.0032262452924,"upper_bound":2860.3976546618087},"point_estimate":2842.891626123564,"standard_error":8.268559320208944},"median":{"confidence_interval":{"confidence_level":0.95,"lower_bound":2809.4978382159316,"upper_bound":2816.8597740901996},"point_estimate":2813.204591433411,"standard_error":1.9978429939392772},"median_abs_dev":{"confidence_interval":{"confidence_level":0.95,"lower_bound":10.60684704234645,"upper_bound":21.76428883411943},"point_estimate":17.854069500011462,"standard_error":2.947560920347413},"slope":{"confidence_interval":{"confidence_level":0.95,"lower_bound":2818.0911286855226,"upper_bound":2855.359124565439},"point_estimate":2834.4296454981104,"standard_error":9.623124750310776},"std_dev":{"confidence_interval":{"confidence_level":0.95,"lower_bound":51.26622479116013,"upper_bound":112.00679954376464},"point_estimate":83.31212763845132,"standard_error":15.703881080747047}}