{"mean":{"confidence_interval":{"confidence_level":0.95,"lower_bound":1.81194001919261,"upper_bound":2.1336750612207283},"point_estimate":1.9627556731032487,"standard_error":0.08345168560165003},"median":{"confidence_interval":{"confidence_level":0.95,"lower_bound":1.602428217242831,"upper_bound":1.617479270612701},"point_estimate":1.610269545464225,"standard_error":0.004018384223526298}}