{"mean":{"confidence_interval":{"confidence_level":0.95,"lower_bound":1.0367365616513466,"upper_bound":1.158851943299274},"point_estimate":1.1020785766473558,"standard_error":0.03129567762488283},"median":{"confidence_interval":{"confidence_level":0.95,"lower_bound":1.2023709408718102,"upper_bound":1.2298695219330766},"point_estimate":1.21515190619384,"standard_error":0.0076764690610375795}}