{"mean":{"confidence_interval":{"confidence_level":0.95,"lower_bound":2170.3644410045963,"upper_bound":2223.411869639576},"point_estimate":2191.5693893959756,"standard_error":13.986384878806438},"median":{"confidence_interval":{"confidence_level":0.95,"lower_bound":2162.2860771650935,"upper_bound":2166.382884004884},"point_estimate":2164.6212401541816,"standard_error":1.0811604180545868},"median_abs_dev":{"confidence_interval":{"confidence_level":0.95,"lower_bound":7.272378737543368,"upper_bound":12.844340138634404},"point_estimate":9.964443092326494,"standard_error":1.3993645619585375},"slope":{"confidence_interval":{"confidence_level":0.95,"lower_bound":2165.371366312021,"upper_bound":2204.475585826899},"point_estimate":2181.863690760718,"standard_error":9.999646331390986},"std_dev":{"confidence_interval":{"confidence_level":0.95,"lower_bound":23.561818262212473,"upper_bound":229.70003633109974},"point_estimate":141.10763859223206,"standard_error":58.83196306912019}}