{"mean":{"confidence_interval":{"confidence_level":0.95,"lower_bound":1.5096583567767008,"upper_bound":1.777632089937559},"point_estimate":1.645826741387424,"standard_error":0.06859439665248712},"median":{"confidence_interval":{"confidence_level":0.95,"lower_bound":1.7431296916020855,"upper_bound":1.9980634031688855},"point_estimate":1.8838143944875325,"standard_error":0.07414093474003541}}