{"mean":{"confidence_interval":{"confidence_level":0.95,"lower_bound":1.431518482477623,"upper_bound":1.577546465597065},"point_estimate":1.4949508364899948,"standard_error":0.03674838217209454},"median":{"confidence_interval":{"confidence_level":0.95,"lower_bound":1.390250231563519,"upper_bound":1.4316578892752942},"point_estimate":1.4116820210152947,"standard_error":0.011408654118116025}}