{"mean":{"confidence_interval":{"confidence_level":0.95,"lower_bound":1.5326441219922322,"upper_bound":1.8041416582612275},"point_estimate":1.6794794683220298,"standard_error":0.06986392294300149},"median":{"confidence_interval":{"confidence_level":0.95,"lower_bound":1.8047075175371137,"upper_bound":1.8300058494916032},"point_estimate":1.8215710488757435,"standard_error":0.0068165690335205585}}