{"mean":{"confidence_interval":{"confidence_level":0.95,"lower_bound":1.5388354143342833,"upper_bound":1.718225853644583},"point_estimate":1.633453346211295,"standard_error":0.04614253876833635},"median":{"confidence_interval":{"confidence_level":0.95,"lower_bound":1.7744669002712072,"upper_bound":1.7894335621619},"point_estimate":1.7816381207309187,"standard_error":0.004001588862988355}}