{"mean":{"confidence_interval":{"confidence_level":0.95,"lower_bound":1.6420042684257137,"upper_bound":1.9173124815538716},"point_estimate":1.780311344208792,"standard_error":0.06973138877889079},"median":{"confidence_interval":{"confidence_level":0.95,"lower_bound":1.8989108839386253,"upper_bound":2.0412663609313326},"point_estimate":2.0227082479166887,"standard_error":0.037450681879755504}}