{"mean":{"confidence_interval":{"confidence_level":0.95,"lower_bound":331.09035322631945,"upper_bound":332.14040906745356},"point_estimate":331.6042938743248,"standard_error":0.26830099363026033},"median":{"confidence_interval":{"confidence_level":0.95,"lower_bound":330.2118644067797,"upper_bound":332.2316384180791},"point_estimate":330.83933502824857,"standard_error":0.47735074290713775},"median_abs_dev":{"confidence_interval":{"confidence_level":0.95,"lower_bound":1.9407596627197832,"upper_bound":3.3615806417149017},"point_estimate":2.547157590079916,"standard_error":0.3671095071759838},"slope":{"confidence_interval":{"confidence_level":0.95,"lower_bound":330.961547999313,"upper_bound":332.0287178062079},"point_estimate":331.48966969014634,"standard_error":0.27225597180898176},"std_dev":{"confidence_interval":{"confidence_level":0.95,"lower_bound":2.303532470504933,"upper_bound":3.0448938874499896},"point_estimate":2.6909974131675036,"standard_error":0.18914031072741175}}