{"mean":{"confidence_interval":{"confidence_level":0.95,"lower_bound":1.6590229467098323,"upper_bound":1.7514320731300541},"point_estimate":1.7072483530456837,"standard_error":0.023650179066092895},"median":{"confidence_interval":{"confidence_level":0.95,"lower_bound":1.71285650041234,"upper_bound":1.7207988324140508},"point_estimate":1.7166976321314968,"standard_error":0.002051015061376797}}