{"mean":{"confidence_interval":{"confidence_level":0.95,"lower_bound":1010.0578798548491,"upper_bound":1029.465689725081},"point_estimate":1018.0094412397711,"standard_error":5.073777925677656},"median":{"confidence_interval":{"confidence_level":0.95,"lower_bound":1006.7392944134517,"upper_bound":1010.1814978751308},"point_estimate":1008.1942300924455,"standard_error":0.8461851007058055},"median_abs_dev":{"confidence_interval":{"confidence_level":0.95,"lower_bound":4.721242744220872,"upper_bound":8.025403382651891},"point_estimate":6.262201001718248,"standard_error":0.8415504907892895},"slope":{"confidence_interval":{"confidence_level":0.95,"lower_bound":1011.4036121818797,"upper_bound":1062.5667161696122},"point_estimate":1033.1801566817758,"standard_error":13.39522185487147},"std_dev":{"confidence_interval":{"confidence_level":0.95,"lower_bound":9.899284482939542,"upper_bound":82.14636240785296},"point_estimate":51.2079859944296,"standard_error":19.957757209435492}}