{"mean":{"confidence_interval":{"confidence_level":0.95,"lower_bound":1.346145565320924,"upper_bound":1.4879715974266448},"point_estimate":1.4135736992385914,"standard_error":0.03673742866054643},"median":{"confidence_interval":{"confidence_level":0.95,"lower_bound":1.307466665782837,"upper_bound":1.3195641052220584},"point_estimate":1.313941358741567,"standard_error":0.003095448293689878}}