{"mean":{"confidence_interval":{"confidence_level":0.95,"lower_bound":1.990110861573255,"upper_bound":2.3517249035204677},"point_estimate":2.1663432528559303,"standard_error":0.08997120283733415},"median":{"confidence_interval":{"confidence_level":0.95,"lower_bound":1.5960690021653847,"upper_bound":1.9982583041220923},"point_estimate":1.9469651508871317,"standard_error":0.14688738404752585}}