{"mean":{"confidence_interval":{"confidence_level":0.95,"lower_bound":-0.9988399942837567,"upper_bound":-0.9987746806595824},"point_estimate":-0.9988087390749093,"standard_error":0.00001663957116813426},"median":{"confidence_interval":{"confidence_level":0.95,"lower_bound":-0.9988840453232626,"upper_bound":-0.9988022317754001},"point_estimate":-0.9988478965923283,"standard_error":0.00002360956873197975}}