{"mean":{"confidence_interval":{"confidence_level":0.95,"lower_bound":-0.7597651475196369,"upper_bound":-0.7147261702041792},"point_estimate":-0.7367979973831225,"standard_error":0.011535541306673783},"median":{"confidence_interval":{"confidence_level":0.95,"lower_bound":-0.6946941573332648,"upper_bound":-0.6885640162309339},"point_estimate":-0.6901444270390312,"standard_error":0.0016360129577946468}}