{"mean":{"confidence_interval":{"confidence_level":0.95,"lower_bound":-0.36806091737419205,"upper_bound":-0.3624484092037242},"point_estimate":-0.3650723151734465,"standard_error":0.0014124573441672583},"median":{"confidence_interval":{"confidence_level":0.95,"lower_bound":-0.36592554418832535,"upper_bound":-0.3603964100718768},"point_estimate":-0.363360475736037,"standard_error":0.0014610894501551274}}