{"mean":{"confidence_interval":{"confidence_level":0.95,"lower_bound":2622.358121794652,"upper_bound":2759.2020108065035},"point_estimate":2677.7746988891977,"standard_error":35.72882333753633},"median":{"confidence_interval":{"confidence_level":0.95,"lower_bound":2589.4376024561698,"upper_bound":2613.474319267002},"point_estimate":2595.157972818757,"standard_error":5.114882622291039},"median_abs_dev":{"confidence_interval":{"confidence_level":0.95,"lower_bound":14.63971897700121,"upper_bound":39.14586723247245},"point_estimate":24.322106350942537,"standard_error":5.823891823480293},"slope":{"confidence_interval":{"confidence_level":0.95,"lower_bound":2664.982583249827,"upper_bound":2953.101080917522},"point_estimate":2784.158480464251,"standard_error":75.83837672725302},"std_dev":{"confidence_interval":{"confidence_level":0.95,"lower_bound":92.26014888658625,"upper_bound":578.6609762280129},"point_estimate":358.4731732331416,"standard_error":141.42249218466273}}