{"mean":{"confidence_interval":{"confidence_level":0.95,"lower_bound":1.4522116572753063,"upper_bound":1.568693163074377},"point_estimate":1.5151662040802538,"standard_error":0.02989336268227462},"median":{"confidence_interval":{"confidence_level":0.95,"lower_bound":1.6037320463465217,"upper_bound":1.6121699089420511},"point_estimate":1.608933084303033,"standard_error":0.0021876861005313305}}