{"mean":{"confidence_interval":{"confidence_level":0.95,"lower_bound":1.3626220174605628,"upper_bound":1.408464036678509},"point_estimate":1.3825841569193158,"standard_error":0.012593922525923113},"median":{"confidence_interval":{"confidence_level":0.95,"lower_bound":1.3594703160576724,"upper_bound":1.3660978592108206},"point_estimate":1.3633226646149237,"standard_error":0.001653802797928775}}