{"mean":{"confidence_interval":{"confidence_level":0.95,"lower_bound":1.808299494660778,"upper_bound":2.0665598930494076},"point_estimate":1.9403810717596532,"standard_error":0.06623195505734401},"median":{"confidence_interval":{"confidence_level":0.95,"lower_bound":1.9569161547720375,"upper_bound":1.9724024609980164},"point_estimate":1.9640395567459024,"standard_error":0.0038887338655818698}}