{"mean":{"confidence_interval":{"confidence_level":0.95,"lower_bound":1.796093454906159,"upper_bound":1.8092553496564199},"point_estimate":1.802455769766028,"standard_error":0.003334160538949863},"median":{"confidence_interval":{"confidence_level":0.95,"lower_bound":1.7955097508581357,"upper_bound":1.8026693977417847},"point_estimate":1.7997549769342478,"standard_error":0.0018256613552222075}}