{"mean":{"confidence_interval":{"confidence_level":0.95,"lower_bound":-0.9181845152632375,"upper_bound":-0.917380249596863},"point_estimate":-0.9177478094398507,"standard_error":0.00020585846871982088},"median":{"confidence_interval":{"confidence_level":0.95,"lower_bound":-0.9178828499492646,"upper_bound":-0.9173311860969555},"point_estimate":-0.9175737543078696,"standard_error":0.00013629148480381333}}