{"mean":{"confidence_interval":{"confidence_level":0.95,"lower_bound":983.6825793003123,"upper_bound":1116.5396772987144},"point_estimate":1046.1831346838349,"standard_error":33.8951174888459},"median":{"confidence_interval":{"confidence_level":0.95,"lower_bound":917.044543077429,"upper_bound":1078.5736194638887},"point_estimate":948.8893845285149,"standard_error":49.93819644797794},"median_abs_dev":{"confidence_interval":{"confidence_level":0.95,"lower_bound":204.77639427660026,"upper_bound":331.7558788276949},"point_estimate":286.92332551324307,"standard_error":35.33895195601186},"slope":{"confidence_interval":{"confidence_level":0.95,"lower_bound":921.5738686095108,"upper_bound":1115.6818529667585},"point_estimate":1012.0470932230359,"standard_error":49.53076833885205},"std_dev":{"confidence_interval":{"confidence_level":0.95,"lower_bound":231.96915878600407,"upper_bound":444.15982625460873},"point_estimate":341.17352276997406,"standard_error":54.56842141570021}}