{"mean":{"confidence_interval":{"confidence_level":0.95,"lower_bound":1.4591430458924002,"upper_bound":1.5733476960740236},"point_estimate":1.512110822896057,"standard_error":0.028567136790151836},"median":{"confidence_interval":{"confidence_level":0.95,"lower_bound":1.4650340683902732,"upper_bound":1.4761727865723548},"point_estimate":1.470973891471596,"standard_error":0.0029629807574488008}}