{"mean":{"confidence_interval":{"confidence_level":0.95,"lower_bound":643.278076845853,"upper_bound":746.8316782577022},"point_estimate":691.8482921506843,"standard_error":26.51456018714544},"median":{"confidence_interval":{"confidence_level":0.95,"lower_bound":546.473443539481,"upper_bound":626.9395947325269},"point_estimate":561.1992504038751,"standard_error":27.144677204526083},"median_abs_dev":{"confidence_interval":{"confidence_level":0.95,"lower_bound":8.680353543643125,"upper_bound":124.02122559799244},"point_estimate":30.732148112491842,"standard_error":38.748629415934595},"slope":{"confidence_interval":{"confidence_level":0.95,"lower_bound":560.6470648870841,"upper_bound":581.1573195831862},"point_estimate":569.4558806570718,"standard_error":5.257151369829318},"std_dev":{"confidence_interval":{"confidence_level":0.95,"lower_bound":181.70889673089454,"upper_bound":336.8089233681288},"point_estimate":265.9199394231423,"standard_error":39.64478121940363}}