{"mean":{"confidence_interval":{"confidence_level":0.95,"lower_bound":1.4465740049983076,"upper_bound":1.586498698270059},"point_estimate":1.5185362488807614,"standard_error":0.03582085850589507},"median":{"confidence_interval":{"confidence_level":0.95,"lower_bound":1.6780056408042792,"upper_bound":1.705124695797147},"point_estimate":1.6980184574609485,"standard_error":0.009105981209225343}}