{"mean":{"confidence_interval":{"confidence_level":0.95,"lower_bound":0.006142448948466091,"upper_bound":0.11191723957040148},"point_estimate":0.05139509636619377,"standard_error":0.027083842491320488},"median":{"confidence_interval":{"confidence_level":0.95,"lower_bound":0.02496078109894044,"upper_bound":0.027599006199996667},"point_estimate":0.025994963973929197,"standard_error":0.0006044663478254764}}