{"mean":{"confidence_interval":{"confidence_level":0.95,"lower_bound":1.1680397942366512,"upper_bound":1.2936296847003095},"point_estimate":1.2406970020702865,"standard_error":0.032796997402700465},"median":{"confidence_interval":{"confidence_level":0.95,"lower_bound":1.17593197723725,"upper_bound":1.4015815775191114},"point_estimate":1.3670740876711842,"standard_error":0.057793615300995825}}