{"mean":{"confidence_interval":{"confidence_level":0.95,"lower_bound":1.6120827907386819,"upper_bound":1.648951222104066},"point_estimate":1.628970087619622,"standard_error":0.009388882767676724},"median":{"confidence_interval":{"confidence_level":0.95,"lower_bound":1.6010427915698608,"upper_bound":1.6115880468750605},"point_estimate":1.6068300261262936,"standard_error":0.0025022868378960124}}