{"mean":{"confidence_interval":{"confidence_level":0.95,"lower_bound":0.008406712478495532,"upper_bound":0.0240147939917767},"point_estimate":0.01392171078237392,"standard_error":0.00461017735445175},"median":{"confidence_interval":{"confidence_level":0.95,"lower_bound":0.008820730074448058,"upper_bound":0.011713713102334822},"point_estimate":0.010298985609447309,"standard_error":0.0007629955713741346}}